Workbook

Sheet Assumptions
B2: NextGen Athlete — Business Case Model (v2: free-to-club, 70/30)
B3: Revised model: clubs pay NO licence and access the product free; they earn 30% of subscriptions for promoting it. NextGen keeps 70%.
B5: SHARED ASSUMPTIONS
B6: Athlete subscription (per month) | C6: 9.99
B7: Athlete subscription (per year) | C7: =C6*12 -> 119.88
B8: Club annual licence fee | C8: FREE
B9: NextGen share of subscription revenue | C9: 0.7
B10: Club share of subscription revenue | C10: =1-C9 -> 0.3
B11: NextGen revenue per paying athlete / year | C11: =C7*C9 -> 83.916
B12: Club revenue per paying athlete / year | C12: =C7*C10 -> 35.964
B13: Average juniors per club (total roster) | C13: 250
B15: CLUB INCENTIVE — free money for zero cost
B16: With no licence to recoup, every paying athlete is pure upside for the club. Club annual earnings at different conversion levels:
B17: Paid conversion of juniors | C17: 0.1 | D17: 0.2 | E17: 0.3
B18: Paying athletes per club | C18: =$C$13*C17 -> 25 | D18: =$C$13*D17 -> 50 | E18: =$C$13*E17 -> 75
B19: Club earnings per year (30% share) | C19: =C18*$C$7*$C$10 -> 899.1 | D19: =D18*$C$7*$C$10 -> 1798.2 | E19: =E18*$C$7*$C$10 -> 2697.3
B21: Takeaway: clubs face zero cost or risk and earn money simply by promoting the app — removing the hardest sale in the original plan.
B22: Trade-off to watch: at 30% (vs the old 60%) the per-athlete reward to the club is smaller, so the club incentive only feels material at decent volume.

Sheet Scenarios
B2: Three Growth Scenarios — NextGen net revenue (v2: free-to-club, 70/30)
B3: All revenue is now subscription-driven (no licence). Free access lowers adoption friction, so club ramps are faster than the prior model.
B5: SCENARIO A — Ambition case (original club/athlete targets)
C6: Year 1 | D6: Year 2 | E6: Year 3
B7: Clubs | C7: 5 | D7: 50 | E7: 200
B8: Paid conversion of juniors | C8: n/a | D8: n/a | E8: n/a
B9: Paying athletes | C9: 500 | D9: 5000 | E9: 25000
B10: Subscription revenue (gross) | C10: =C9*Assumptions!$C$7 -> 59940 | D10: =D9*Assumptions!$C$7 -> 599400 | E10: =E9*Assumptions!$C$7 -> 2997000
B11: NextGen revenue (70% of subs) | C11: =C9*Assumptions!$C$11 -> 41958 | D11: =D9*Assumptions!$C$11 -> 419580 | E11: =E9*Assumptions!$C$11 -> 2097900
B12: Club earnings (30% of subs, for free) | C12: =C9*Assumptions!$C$12 -> 17982 | D12: =D9*Assumptions!$C$12 -> 179820 | E12: =E9*Assumptions!$C$12 -> 899100
B13: Original targets, now under free/70% economics. Free access makes the 200-club goal more achievable than before.
B15: SCENARIO B — Realistic base (free access lifts adoption)
C16: Year 1 | D16: Year 2 | E16: Year 3
B17: Clubs | C17: 10 | D17: 40 | E17: 120
B18: Paid conversion of juniors | C18: 0.18 | D18: 0.18 | E18: 0.18
B19: Paying athletes | C19: =C17*Assumptions!$C$13*C18 -> 450 | D19: =D17*Assumptions!$C$13*D18 -> 1800 | E19: =E17*Assumptions!$C$13*E18 -> 5400
B20: Subscription revenue (gross) | C20: =C19*Assumptions!$C$7 -> 53946 | D20: =D19*Assumptions!$C$7 -> 215784 | E20: =E19*Assumptions!$C$7 -> 647352
B21: NextGen revenue (70% of subs) | C21: =C19*Assumptions!$C$11 -> 37762.2 | D21: =D19*Assumptions!$C$11 -> 151048.8 | E21: =E19*Assumptions!$C$11 -> 453146.4
B22: Club earnings (30% of subs, for free) | C22: =C19*Assumptions!$C$12 -> 16183.8 | D22: =D19*Assumptions!$C$12 -> 64735.2 | E22: =E19*Assumptions!$C$12 -> 194205.6
B23: Faster club ramp than prior model (was 5/20/50) because there is no licence barrier; 18% paid conversion.
B25: SCENARIO C — Conservative
C26: Year 1 | D26: Year 2 | E26: Year 3
B27: Clubs | C27: 6 | D27: 20 | E27: 50
B28: Paid conversion of juniors | C28: 0.12 | D28: 0.12 | E28: 0.12
B29: Paying athletes | C29: =C27*Assumptions!$C$13*C28 -> 180 | D29: =D27*Assumptions!$C$13*D28 -> 600 | E29: =E27*Assumptions!$C$13*E28 -> 1500
B30: Subscription revenue (gross) | C30: =C29*Assumptions!$C$7 -> 21578.4 | D30: =D29*Assumptions!$C$7 -> 71928 | E30: =E29*Assumptions!$C$7 -> 179820
B31: NextGen revenue (70% of subs) | C31: =C29*Assumptions!$C$11 -> 15104.88 | D31: =D29*Assumptions!$C$11 -> 50349.6 | E31: =E29*Assumptions!$C$11 -> 125874
B32: Club earnings (30% of subs, for free) | C32: =C29*Assumptions!$C$12 -> 6473.52 | D32: =D29*Assumptions!$C$12 -> 21578.4 | E32: =E29*Assumptions!$C$12 -> 53946
B33: Slower adoption; 12% conversion.
B35: vs prior model (licence + 40% subs): Realistic Yr 3 was ~$308k. New model both raises per-athlete economics and eases adoption.
